optimizer,n_nodes,sentinels,max_iterations,total_budget,statistic,ratio,otf,baseline,time (in hours),n_runs,name_experiment,graph,n_simulations,mode_choose_sentinels,popsize,cma_sigma,cma_initial_population,prior_mixed_strategies,prior_only_baseline,use_prior,acquisition_function,batch_size,epochs,z_sample_size,r_dim,z_dim,h_dim,num_target,num_context,delta_t_symptoms,expected_time_of_first_infection,n_runs_start,p_infection_by_transmission
cma,120,4,400,120,mean,30.59,3099.44,4389.53,408.23,10,20230305_cma_mean_nodes_120_400_iterations_4_sentinels,syn,1000,degree,9,30,0,,,,,,,,,,,,,60,30,0,0.5
cma,120,120,50,120,95perc,21.17,9925.22,12682.89,6.69,100,20230109_cma_95perc_nodes_120,syn,1000,degree,9,30,0,,,,,,,,,,,,,60,30,0,0.5
cma,120,120,50,120,mean,7.02,3254.03,3498.19,6.39,50,20230206_cma_mean_nodes_120_ba,ba,1000,degree,9,30,0,,,,,,,,,,,,,60,30,0,0.5
cma,120,120,50,120,mean,7.7,2740.67,2972.67,6.54,50,20230226_cma_mean_nodes_120_waxman,waxman,1000,degree,9,30,0,,,,,,,,,,,,,60,30,50,0.5
cma,120,120,50,120,mean,11.08,3390.54,3806.49,2,100,20230109_cma_nodes_120_popsize_2,syn,1000,degree,2,30,0,,,,,,,,,,,,,60,30,0,0.5
cma,120,120,50,120,mean,13.34,3276.48,3798.24,3.18,100,20230109_cma_nodes_120_popsize_4,syn,1000,degree,4,30,0,,,,,,,,,,,,,60,30,0,0.5
cma,120,120,50,120,mean,15.18,3211.4,3804.68,6.38,50,20230226_cma_mean_nodes_120_init_degree,syn,1000,degree,9,30,1,,,,,,,,,,,,,60,30,50,0.5
cma,120,120,50,120,mean,15.45,3214.15,3807.51,6.39,100,20230109_cma_mean_nodes_120,syn,1000,degree,9,30,0,,,,,,,,,,,,,60,30,0,0.5
cma,120,120,50,120,mean,15.47,3203.49,3807.8,6.39,50,20230131_cma_mean_nodes_120_init_degree,syn,1000,degree,9,30,1,,,,,,,,,,,,,60,30,50,0.5
cma,120,120,50,120,mean,16.12,3175.6,3804.63,6.53,50,20230131_cma_mean_nodes_120_init_capacity,syn,1000,degree,9,30,2,,,,,,,,,,,,,60,30,50,0.5
cma,120,120,50,120,mean,17.1,3150.75,3817.51,12.2,100,20230109_cma_nodes_120_popsize_18,syn,1000,degree,18,30,0,,,,,,,,,,,,,60,30,0,0.5
cma,120,120,50,120,rms,17.89,4731.19,5788.05,6.43,100,20230109_cma_rms_nodes_120,syn,1000,degree,9,30,0,,,,,,,,,,,,,60,30,0,0.5
cma,120,120,50,480,95perc,3.72,8764.34,9164.22,6.3,50,20230226_cma_95perc_budget_4N,syn,1000,degree,9,120,0,,,,,,,,,,,,,60,30,50,0.5
cma,120,120,50,480,mean,-15.26,2744.63,2387.15,6.3,50,20230226_cma_nodes_120_mean_budget_4N,syn,1000,degree,9,120,0,,,,,,,,,,,,,60,30,50,0.5
cma,120,120,50,480,mean,-15.2,2761.61,2387.73,6.72,100,20230109_cma_mean_nodes_120_budget_4N_sigma_099,syn,1000,degree,9,475.2,0,,,,,,,,,,,,,60,30,0,0.5
cma,120,120,50,480,mean,-13.71,2727.08,2396.79,6.63,100,20230109_cma_mean_nodes_120_budget_4N_sigma_05,syn,1000,degree,9,240,0,,,,,,,,,,,,,60,30,0,0.5
cma,120,120,50,480,rms,-3.16,4141.18,4021.89,6.39,50,20230226_cma_nodes_120_rms_budget_4N,syn,1000,degree,9,120,0,,,,,,,,,,,,,60,30,50,0.5
cma,120,120,50,1440,95perc,-41.68,8548.71,6247.76,6.54,50,20230226_cma_95perc_budget_12N,syn,1000,degree,9,360,0,,,,,,,,,,,,,60,30,0,0.5
cma,120,120,50,1440,mean,-104.39,2685.22,1308.49,6.71,50,20230226_cma_mean_nodes_120_budget_12N,syn,1000,degree,9,360,0,,,,,,,,,,,,,60,30,50,0.5
cma,120,120,50,1440,mean,-100.97,2659.34,1311.07,6.57,100,20230109_cma_mean_nodes_120_budget_12N_sigma_05,syn,1000,degree,9,720,0,,,,,,,,,,,,,60,30,0,0.5
cma,120,120,50,1440,mean,-100.44,2652.41,1307.53,6.63,100,20230109_cma_mean_nodes_120_budget_12N_sigma_099,syn,1000,degree,9,1425.6,0,,,,,,,,,,,,,60,30,0,0.5
cma,120,120,50,1440,rms,-60.57,4085.8,2567.72,6.37,50,20230226_cma_nodes_120_rms_budget_12N,syn,1000,degree,9,360,0,,,,,,,,,,,,,60,30,50,0.5
cma,120,120,400,120,mean,30.62,2497.55,3599.89,415.09,1,20220928_cma_mean_400_iterations,syn,1000,degree,9,30,uniform,,,,,,,,,,,,,60,30,,0.5
cma,120,120,750,120,mean,27.57,2622.4,3620.38,1481.63,1,20220928_cma_mean_750_iterations,syn,1000,degree,9,30,uniform,,,,,,,,,,,,,60,30,,0.5
cma,120,120,1000,120,mean,30.44,2551.1,3667.74,2714.13,1,20220928_cma_mean_1000_iterations,syn,1000,degree,9,30,uniform,,,,,,,,,,,,,60,30,,0.5
cma,1040,40,400,1040,mean,4.78,4834.09,5080.78,408.19,10,20230305_cma_mean_nodes_1040_400_iterations_40_sentinels,syn,1000,degree,9,260,0,,,,,,,,,,,,,60,30,0,0.5
cma,1040,40,750,1040,mean,4.87,4833.63,5068.28,1412.44,10,20230305_cma_mean_nodes_1040_750_iterations_40_sentinels,syn,1000,degree,9,260,0,,,,,,,,,,,,,60,30,0,0.5
cma,1040,40,1000,1040,mean,5.32,4798.93,5082.58,2480.3,10,20230305_cma_mean_nodes_1040_1000_iterations_40_sentinels,syn,1000,degree,9,260,0,,,,,,,,,,,,,60,30,0,0.5
cma,1040,63,50,1040,rms,98.95,9100.62,8698.65,7.98,100,20220620_cma_rms_nodes_1040_sentinels_63,syn,10000,degree,9,260,uniform,,,,,,,,,,,,,60,30,,0.5
cma,1040,1040,50,1040,95perc,2.02,18295.75,18707.23,6.63,100,20230109_cma_95perc_nodes_1040,syn,1000,degree,9,260,0,,,,,,,,,,,,,60,30,0,0.5
cma,1040,1040,50,1040,mean,-8.91,5032.58,4628.64,6.46,50,20230226_cma_mean_nodes_1040_ba,ba,1000,degree,9,260,0,,,,,,,,,,,,,60,30,50,0.5
cma,1040,1040,50,1040,mean,-6.31,5242.44,4935.46,13.02,100,20230109_cma_mean_nodes_1040_popsize_18,syn,1000,degree,18,260,0,,,,,,,,,,,,,60,30,0,0.5
cma,1040,1040,50,1040,mean,-5.97,5217.55,4929.25,6.52,50,20230226_cma_mean_nodes_1040_init_degree,syn,1000,degree,9,260,1,,,,,,,,,,,,,60,30,0,0.5
cma,1040,1040,50,1040,mean,-5.38,5185.63,4923.42,1.96,100,20230109_cma_mean_nodes_1040_popsize_2,syn,1000,degree,2,260,0,,,,,,,,,,,,,60,30,0,0.5
cma,1040,1040,50,1040,mean,-5.15,5181.61,4928.39,6.75,100,20230109_cma_mean_nodes_1040,syn,1000,degree,9,260,0,,,,,,,,,,,,,60,30,0,0.5
cma,1040,1040,50,1040,mean,-4.95,5176.1,4930.87,6.67,50,20230226_cma_mean_nodes_1040_init_capacity,syn,1000,degree,9,260,2,,,,,,,,,,,,,60,30,50,0.5
cma,1040,1040,50,1040,mean,-4.9,5176.07,4937.67,3.2,100,20230109_cma_mean_nodes_1040_popsize_4,syn,1000,degree,4,260,0,,,,,,,,,,,,,60,30,0,0.5
cma,1040,1040,50,1040,rms,0.81,8587.6,8683.55,6.79,100,20230109_cma_rms_nodes_1040,syn,1000,degree,9,260,0,,,,,,,,,,,,,60,30,0,0.5
cma,1040,1040,50,4160,95perc,-56.21,18490.65,11810.83,6.47,50,20230226_cma_95perc_nodes_1040_budget_4N,syn,1000,degree,9,1040,0,,,,,,,,,,,,,60,30,50,0.5
cma,1040,1040,50,4160,mean,-83.32,5176.24,2821.22,6.67,50,20230226_cma_mean_nodes_1040_budget_4N,syn,1000,degree,9,1040,0,,,,,,,,,,,,,60,30,50,0.5
cma,1040,1040,50,4160,mean,-80,5074.99,2815.63,6.44,100,20230109_cma_mean_nodes_1040_budget_4N_sigma_05,syn,1000,degree,9,2080,0,,,,,,,,,,,,,60,30,0,0.5
cma,1040,1040,50,4160,rms,-61.81,8554.93,5283.26,6.62,50,20230226_cma_rms_nodes_1040_budget_4N,syn,1000,degree,9,1040,0,,,,,,,,,,,,,60,30,50,0.5
cma,1040,1040,50,12480,95perc,-154.78,18653.51,7344.21,6.73,50,20230226_cma_95perc_nodes_1040_budget_12N,syn,1000,degree,9,3120,0,,,,,,,,,,,,,60,30,50,0.5
cma,1040,1040,50,12480,mean,-265.3,5372.41,1468.11,6.71,50,20230226_cma_mean_nodes_1040_budget_12N,syn,1000,degree,9,3120,0,,,,,,,,,,,,,60,30,50,0.5
cma,1040,1040,50,12480,mean,-257.4,5271.26,1473.93,6.46,100,20230109_cma_mean_nodes_1040_budget_12N_sigma_05,syn,1000,degree,9,6240,0,,,,,,,,,,,,,60,30,0,0.5
cma,1040,1040,50,12480,mean,-257.1,5245.33,1467.92,6.96,100,20230109_cma_mean_nodes_1040_budget_12N_sigma_099,syn,1000,degree,9,12355.2,0,,,,,,,,,,,,,60,30,0,0.5
cma,1040,1040,50,12480,rms,-184.78,8829.83,3098.21,6.54,50,20230226_cma_rms_nodes_1040_budget_12N,syn,1000,degree,9,3120,0,,,,,,,,,,,,,60,30,50,0.5
cma,1040,1040,400,1040,mean,3.88,4528.82,4711.48,408.09,1,20230109_cma_mean_nodes_1040_400_iterations,syn,1000,degree,9,260,0,,,,,,,,,,,,,60,30,0,0.5
cma,1040,1040,750,1040,mean,3.67,4562.68,4736.52,1458.89,1,20230109_cma_mean_nodes_1040_750_iterations,syn,1000,degree,9,260,0,,,,,,,,,,,,,60,30,0,0.5
cma,1040,1040,1000,1040,mean,3.15,4713.79,4867,2593.79,1,20230109_cma_mean_nodes_1040_1000_iterations,syn,1000,degree,9,260,0,,,,,,,,,,,,,60,30,0,0.5
cma,57590,1329,50,57590,95perc,-15.59,25386.95,21977.34,16.74,5,20230226_cma_95perc_nodes_57590_sentinels_1329,syn,1000,degree,9,14397.5,0,,,,,,,,,,,,,60,30,5,0.5
cma,57590,1329,50,57590,mean,-29.61,7215.81,5568.54,16.67,10,20230131_cma_nodes_57590_sentinels_1329_sigma_075,syn,1000,degree,9,43192.5,0,,,,,,,,,,,,,60,30,0,0.5
cma,57590,1329,50,57590,mean,-28.76,7164.91,5564.78,16.79,10,20230131_cma_mean_nodes_57590_sentinels_1329_sigma_0.99,syn,1000,degree,9,57014.1,0,,,,,,,,,,,,,60,30,0,0.5
cma,57590,1329,50,57590,mean,-28,7163.39,5598.03,8.4,10,20230131_cma_nodes_57590_sentinels_1329_popsize_4,syn,1000,degree,4,14397.5,0,,,,,,,,,,,,,60,30,0,0.5
cma,57590,1329,50,57590,mean,-27.76,7210.72,5645.68,16.88,10,20230131_cma_mean_nodes_57590_sentinels_1329_init_degree,syn,1000,degree,9,14397.5,1,,,,,,,,,,,,,60,30,0,0.5
cma,57590,1329,50,57590,mean,-27.23,7126.12,5600.9,31.67,10,20230131_cma_nodes_57590_sentinels_1329_popsize_18,syn,1000,degree,18,14397.5,0,,,,,,,,,,,,,60,30,0,0.5
cma,57590,1329,50,57590,mean,-26.94,7109.1,5601.77,16.9,10,20230131_cma_mean_nodes_57590_sentinels_1329_init_capacity,syn,1000,degree,9,14397.5,2,,,,,,,,,,,,,60,30,0,0.5
cma,57590,1329,50,57590,mean,-26.84,7111.86,5609.57,16.71,10,20230226_cma_mean_nodes_57590_sentinels_1329,syn,1000,degree,9,14397.5,0,,,,,,,,,,,,,60,30,0,0.5
cma,57590,1329,50,57590,rms,-21.86,12891.24,10582.6,16.88,10,20230226_cma_rms_nodes_57590_sentinels_1329,syn,1000,degree,9,14397.5,0,,,,,,,,,,,,,60,30,0,0.5
cma,57590,1329,50,230360,mean,-140.04,7252.12,3021.49,16.71,5,20230301_cma_mean_nodes_57590_sentinels_1329_budget_4N,syn,1000,degree,9,57590,0,,,,,,,,,,,,,60,30,5,0.5
cma,57590,1329,50,691080,mean,-369.28,7115.16,1517,16.83,5,20230301_cma_mean_nodes_57590_sentinels_1329_budget_12N,syn,1000,degree,9,172770,0,,,,,,,,,,,,,60,30,5,0.5
cma,57590,1329,400,57590,mean,-23.61,7011.1,5671.93,1041.66,1,20230301_cma_mean_nodes_57590_sentinels_1329_400_iterations,syn,1000,degree,9,14397.5,0,,,,,,,,,,,,,60,30,0,0.5
cma,57590,1329,750,57590,mean,-16.8,6691.4,5729.1,3643.53,1,20230301_cma_mean_nodes_57590_sentinels_1329_750_iterations,syn,1000,degree,9,14397.5,0,,,,,,,,,,,,,60,30,0,0.5
cma,57590,1329,1000,57590,mean,-22.1,6759.12,5535.55,6462.65,1,20230301_cma_mean_nodes_57590_sentinels_1329_1000_iterations,syn,1000,degree,9,14397.5,0,,,,,,,,,,,,,60,30,0,0.5
gpgo,120,12,400,120,mean,18.99,3068.9,3810.27,59.22,100,20220927_gpgo_mean_400_max_iterations,syn,1000,degree,,,,False,False,True,ExpectedImprovement,,,,,,,,,60,30,,0.5
gpgo,120,12,400,120,rms,99.27,3886,5352.83,54.92,1,20220921_gpgo_rms_nodes_120_400_max_iterations_12_sentinels,syn,1000,degree,,,,False,False,True,ExpectedImprovement,,,,,,,,,60,30,,0.5
gpgo,120,12,750,120,rms,99.29,3789.05,5304.07,225.8,1,20220921_gpgo_rms_nodes_120_750_max_iterations_12_sentinels,syn,1000,degree,,,,False,False,True,ExpectedImprovement,,,,,,,,,60,30,,0.5
gpgo,120,12,1000,120,rms,99.23,4042.79,5283.83,432.47,1,20220921_gpgo_rms_node_120_1000_max_iterations_12_sentinels,syn,1000,degree,,,,False,False,True,ExpectedImprovement,,,,,,,,,60,30,,0.5
gpgo,120,120,50,120,95perc,24.84,9470.06,12747.62,0.9,100,20230226_gpgo_95perc_nodes_120,syn,1000,degree,,,,False,False,True,ExpectedImprovement,,,,,,,,,60,30,0,0.5
gpgo,120,120,50,120,mean,10.33,2657.53,2972.98,0.87,100,20230206_gpgo_mean_waxman,waxman,1000,degree,,,,False,False,True,ExpectedImprovement,,,,,,,,,60,30,0,0.5
gpgo,120,120,50,120,mean,12.51,3042.5,3486.53,0.88,100,20230206_gpgo_mean_ba,ba,1000,degree,,,,False,False,True,ExpectedImprovement,,,,,,,,,60,30,0,0.5
gpgo,120,120,50,120,mean,21.23,2974.4,3800.53,0.86,100,20230226_gpgo_mean_nodes_120,syn,1000,degree,,,,False,False,True,ExpectedImprovement,,,,,,,,,60,30,0,0.5
gpgo,120,120,50,120,rms,23.04,4431.72,5780.11,0.87,100,20230226_gpgo_rms_nodes_120,syn,1000,degree,,,,False,False,True,ExpectedImprovement,,,,,,,,,60,30,0,0.5
gpgo,120,120,50,480,95perc,19.85,7306.18,9128.55,0.86,100,20230226_gpgo_95perc_nodes_120_budget_4N,syn,1000,degree,,,,False,False,True,ExpectedImprovement,,,,,,,,,60,30,0,0.5
gpgo,120,120,50,480,mean,7.89,2189.78,2387.26,0.86,100,20230226_gpgo_mean_nodes_120_budget_4N,syn,1000,degree,,,,False,False,True,ExpectedImprovement,,,,,,,,,60,30,0,0.5
gpgo,120,120,50,480,rms,15.85,3375.58,4028.82,0.87,100,20230226_gpgo_rms_nodes_120_budget_4N,syn,1000,degree,,,,False,False,True,ExpectedImprovement,,,,,,,,,60,30,0,0.5
gpgo,120,120,50,1440,95perc,5.57,5982.22,6393.62,0.87,100,20230226_gpgo_95perc_nodes_120_budget_12N,syn,1000,degree,,,,False,False,True,ExpectedImprovement,,,,,,,,,60,30,0,0.5
gpgo,120,120,50,1440,mean,0.35,1309.18,1310.88,0.83,100,20230226_gpgo_mean_nodes_120_budget_12N,syn,1000,degree,,,,False,False,True,ExpectedImprovement,,,,,,,,,60,30,0,0.5
gpgo,120,120,50,1440,rms,1.85,2527.47,2575.21,0.89,100,20230226_gpgo_rms_nodes_120_budget_12N,syn,1000,degree,,,,False,False,True,ExpectedImprovement,,,,,,,,,60,30,0,0.5
gpgo,120,120,100,480,mean,8.7,2170.15,2382.5,3.63,100,20230308_gpgo_mean_nodes_120_budget_4N_100_iterations,syn,1000,degree,,,,False,False,True,ExpectedImprovement,,,,,,,,,60,30,0,0.5
gpgo,120,120,100,1440,mean,1,1298.37,1313.11,3.64,100,20230308_gpgo_mean_nodes_120_budget_12N_100_iterations,syn,1000,degree,,,,False,False,True,ExpectedImprovement,,,,,,,,,60,30,0,0.5
gpgo,1040,40,50,1040,mean,27.57,3562.1,4935.73,0.85,100,20230307_gpgo_mean_nodes_1040_40_sentinels,syn,1000,degree,,,,False,False,True,ExpectedImprovement,,,,,,,,,60,30,0,0.5
gpgo,1040,40,400,1040,mean,27.54,3683.54,5098.2,69.39,10,20230305_gpgo_mean_nodes_1040_400_iterations_40_sentinels,syn,1000,degree,,,,False,False,True,ExpectedImprovement,,,,,,,,,60,30,0,0.5
gpgo,1040,40,750,1040,mean,27.64,3669.29,5081.23,335.46,10,20230305_gpgo_mean_nodes_1040_750_iterations_40_sentinels,syn,1000,degree,,,,False,False,True,ExpectedImprovement,,,,,,,,,60,30,0,0.5
gpgo,1040,40,1000,1040,mean,28.15,3517.97,4903.73,726.64,10,20230305_gpgo_mean_nodes_1040_1000_iterations_40_sentinels,syn,1000,degree,,,,False,False,True,ExpectedImprovement,,,,,,,,,60,30,5,0.5
gpgo,1040,63,50,1040,rms,99.31,5923.75,8663.96,1.54,100,20220620_gpgo_rms_nodes_1040_sentinels_63,syn,10000,degree,,,,False,False,True,ExpectedImprovement,,,,,,,,,60,30,,0.5
gpgo,1040,63,400,1040,mean,-12.09,5536.98,4940.15,60.02,100,20220927_gpgo_mean_nodes_1040_no_prior_400_iterations,syn,1000,degree,,,,False,False,False,ExpectedImprovement,,,,,,,,,60,30,,0.5
gpgo,1040,63,400,1040,mean,26.32,3620.01,4929.21,63.02,100,20220927_gpgo_mean_nodes_1040_400_iterations,syn,1000,degree,,,,False,False,True,ExpectedImprovement,,,,,,,,,60,30,,0.5
gpgo,1040,63,750,1040,mean,-10.54,5461.22,4939.81,286.92,100,20220927_gpgo_mean_nodes_1040_no_prior_750_iterations,syn,1000,degree,,,,False,False,False,ExpectedImprovement,,,,,,,,,60,30,,0.5
gpgo,1040,63,750,1040,mean,26.69,3610.97,4936.86,287.09,100,20220927_gpgo_mean_nodes_1040_750_iterations,syn,1000,degree,,,,False,False,True,ExpectedImprovement,,,,,,,,,60,30,,0.5
gpgo,1040,63,1000,1040,mean,-10.51,5451.25,4934.01,637.28,50,20221024_gpgo_mean_nodes_1040_sent_63_no_prior_1000_iterations,syn,1000,degree,,,,False,False,False,ExpectedImprovement,,,,,,,,,60,30,50,0.5
gpgo,1040,1040,50,1040,95perc,-10.55,20739.21,18742.46,1.75,100,20230226_gpgo_95perc_nodes_1040_no_prior,syn,1000,degree,,,,False,False,False,ExpectedImprovement,,,,,,,,,60,30,0,0.5
gpgo,1040,1040,50,1040,95perc,33.45,12433.74,18762.52,1.73,100,20230226_gpgo_95perc_nodes_1040,syn,1000,degree,,,,False,False,True,ExpectedImprovement,,,,,,,,,60,30,0,0.5
gpgo,1040,1040,50,1040,mean,-17.38,5795.31,4933.67,1.72,100,20230226_gpgo_mean_nodes_1040_no_prior,syn,1000,degree,,,,False,False,False,ExpectedImprovement,,,,,,,,,60,30,0,0.5
gpgo,1040,1040,50,1040,mean,-0.26,4947.11,4931.84,1.72,100,20230226_gpgo_mean_nodes_1040_only_baseline,syn,1000,degree,,,,False,True,True,ExpectedImprovement,,,,,,,,,60,30,0,0.5
gpgo,1040,1040,50,1040,mean,28.01,3541.91,4935.95,1.74,100,20230206_gpgo_mean_nodes_1040_waxman,syn,1000,degree,,,,False,False,True,ExpectedImprovement,,,,,,,,,60,30,0,0.5
gpgo,1040,1040,50,1040,mean,28.2,3532.8,4930,1.72,100,20230206_gpgo_mean_nodes_1040_ba,syn,1000,degree,,,,False,False,True,ExpectedImprovement,,,,,,,,,60,30,0,0.5
gpgo,1040,1040,50,1040,mean,28.2,3518.66,4912.93,1.42,100,20230226_gpgo_mean_nodes_1040_UCB,syn,1000,degree,,,,False,False,True,UCB,,,,,,,,,60,30,0,0.5
gpgo,1040,1040,50,1040,mean,28.21,3527.43,4929.48,1.61,100,20230226_gpgo_mean_nodes_1040_PI,syn,1000,degree,,,,False,False,True,ProbabilityImprovement,,,,,,,,,60,30,0,0.5
gpgo,1040,1040,50,1040,mean,28.39,3514.06,4923.22,1.73,100,20230226_gpgo_mean_nodes_1040,syn,1000,degree,,,,False,False,True,ExpectedImprovement,,,,,,,,,60,30,0,0.5
gpgo,1040,1040,50,1040,mean,28.51,3520.87,4935.82,1.76,100,20230226_gpgo_mean_nodes_1040_tEI,syn,1000,degree,,,,False,False,True,tExpectedImprovement,,,,,,,,,60,30,0,0.5
gpgo,1040,1040,50,1040,mean,28.69,3504.08,4928.51,1.45,100,20230226_gpgo_mean_nodes_1040_Entropy,syn,1000,degree,,,,False,False,True,Entropy,,,,,,,,,60,30,0,0.5
gpgo,1040,1040,50,1040,rms,-12.04,9761.52,8711.86,1.72,100,20230226_gpgo_rms_nodes_1040_no_prior,syn,1000,degree,,,,False,False,False,ExpectedImprovement,,,,,,,,,60,30,0,0.5
gpgo,1040,1040,50,1040,rms,33.8,5736.79,8707.75,1.72,100,20230226_gpgo_rms_nodes_1040,syn,1000,degree,,,,False,False,True,ExpectedImprovement,,,,,,,,,60,30,0,0.5
gpgo,1040,1040,50,4160,95perc,23.33,9056.52,11861.34,1.73,100,20230226_gpgo_95perc_nodes_1040_budget_4N,syn,1000,degree,,,,False,False,True,ExpectedImprovement,,,,,,,,,60,30,0,0.5
gpgo,1040,1040,50,4160,mean,-108.91,5918.01,2826.59,1.74,100,20230226_gpgo_mean_nodes_1040_budget_4N_no_prior,syn,1000,degree,,,,False,False,False,ExpectedImprovement,,,,,,,,,60,30,0,0.5
gpgo,1040,1040,50,4160,mean,-0.13,2820.64,2818.28,1.7,100,20230226_gpgo_mean_nodes_1040_budget_4N_only_baseline,syn,1000,degree,,,,False,True,True,ExpectedImprovement,,,,,,,,,60,30,0,0.5
gpgo,1040,1040,50,4160,mean,11.96,2479.64,2819.55,1.73,100,20230309_gpgo_mean_nodes_1040_budget_4N,syn,1000,degree,,,,False,False,True,ExpectedImprovement,,,,,,,,,60,30,0,0.5
gpgo,1040,1040,50,4160,rms,23.27,4036.15,5277.72,1.75,100,20230226_gpgo_rms_nodes_1040_budget_4N,syn,1000,degree,,,,False,False,True,ExpectedImprovement,,,,,,,,,60,30,0,0.5
gpgo,1040,1040,50,12480,95perc,2.69,7120.01,7317.34,1.74,100,20230226_gpgo_95perc_nodes_1040_budget_12N,syn,1000,degree,,,,False,False,True,ExpectedImprovement,,,,,,,,,60,30,0,0.5
gpgo,1040,1040,50,12480,mean,-304.45,5958.89,1471.11,1.73,100,20230226_gpgo_mean_nodes_1040_budget_12N_no_prior,syn,1000,degree,,,,False,False,False,ExpectedImprovement,,,,,,,,,60,30,0,0.5
gpgo,1040,1040,50,12480,mean,0.34,1464.93,1469.83,1.76,100,20230309_gpgo_mean_nodes_1040_budget_12N,syn,1000,degree,,,,False,False,True,ExpectedImprovement,,,,,,,,,60,30,0,0.5
gpgo,1040,1040,50,12480,mean,1.32,1453.44,1473.25,1.69,100,20230226_gpgo_mean_nodes_1040_budget_12N_only_baseline,syn,1000,degree,,,,False,True,True,ExpectedImprovement,,,,,,,,,60,30,0,0.5
gpgo,1040,1040,50,12480,rms,1.26,3054.81,3095.24,1.75,100,20230226_gpgo_rms_nodes_1040_budget_12N,syn,1000,degree,,,,False,False,True,ExpectedImprovement,,,,,,,,,60,30,0,0.5
gpgo,1040,1040,100,1040,rms,98.81,10283.17,8663.71,8.3,100,20220613_gpgo_rms_nodes_1040_no_prior_100_iterations,syn,10000,degree,,,,False,False,False,ExpectedImprovement,,,,,,,,,60,30,,0.5
gpgo,1040,1040,100,4160,mean,12.32,2472.48,2824.18,7.4,100,20230308_gpgo_mean_nodes_1040_budget_4N_100_iterations,syn,1000,degree,,,,False,False,True,ExpectedImprovement,,,,,,,,,60,30,0,0.5
gpgo,1040,1040,100,12480,mean,-0.48,1475.1,1469.37,7.42,100,20230308_gpgo_mean_nodes_1040_budget_12N_100_iterations,syn,1000,degree,,,,False,False,True,ExpectedImprovement,,,,,,,,,60,30,0,0.5
gpgo,57590,1329,10,57590,95perc,40.26,12956.04,21682.02,0.32,10,20230215_gpgo_95perc_nodes_57590_sentinels_1329,syn,1000,degree,,,,False,False,True,ExpectedImprovement,,,,,,,,,60,30,0,0.5
gpgo,57590,1329,10,57590,mean,36.18,3601.36,5644.02,0.32,10,20230226_gpgo_mean_nodes_57590_sentinels_1329,syn,1000,degree,,,,False,False,True,ExpectedImprovement,,,,,,,,,60,30,0,0.5
gpgo,57590,1329,10,57590,rms,43.67,5937.73,10541.38,0.32,10,20230226_gpgo_rms_nodes_57590_sentinels_1329,syn,1000,degree,,,,False,False,True,ExpectedImprovement,,,,,,,,,60,30,0,0.5
gpgo,57590,1329,10,230360,mean,7.6,2786.77,3015.78,0.32,10,20230226_gpgo_mean_nodes_57590_sentinels_1329_budget_4N,syn,1000,degree,,,,False,False,True,ExpectedImprovement,,,,,,,,,60,30,0,0.5
gpgo,57590,1329,10,691080,mean,-78.08,2652.47,1489.4,0.31,10,20230226_gpgo_mean_nodes_57590_sentinels_1329_budget_12N,syn,1000,degree,,,,False,False,True,ExpectedImprovement,,,,,,,,,60,30,0,0.5
gpgo,57590,1329,50,57590,mean,-26.99,7117.77,5607,7.45,10,20230226_gpgo_mean_nodes_57590_sentinels_1329_no_prior,syn,1000,degree,,,,False,False,False,ExpectedImprovement,,,,,,,,,60,30,0,0.5
gpgo,57590,1329,400,57590,mean,37.66,3526.46,5656.96,799.63,1,20230215_gpgo_mean_nodes_57590_sentinels_1329_400_iterations,syn,1000,degree,,,,False,False,True,ExpectedImprovement,,,,,,,,,60,30,0,0.5
np,120,4,30,120,mean,21.65,2965.96,3804.25,0.57,100,20230307_np_mean_nodes_120_4_sentinels,syn,1000,degree,,,,False,False,,ExpectedImprovement,10,30,10,50,50,50,3,3,60,30,0,0.5
np,120,4,400,120,mean,27.76,3220.38,4392.55,114.2,10,20230305_np_mean_nodes_120_400_iterations_4_sentinels,syn,1000,degree,,,,False,False,,ExpectedImprovement,10,30,10,50,50,50,3,3,60,30,0,0.5
np,120,4,750,120,mean,30.11,3125.11,4390.26,458.18,10,20230305_np_mean_nodes_120_750_iterations_4_sentinels,syn,1000,degree,,,,False,False,,ExpectedImprovement,10,30,10,50,50,50,3,3,60,30,0,0.5
np,120,4,1000,120,mean,31.85,3044.57,4397.19,892.68,10,20230305_np_mean_nodes_120_1000_iterations_4_sentinels,syn,1000,degree,,,,False,False,,ExpectedImprovement,10,30,10,50,50,50,3,3,60,30,0,0.5
np,120,12,400,120,mean,99.2,3037.28,3803.79,109.48,100,20220927_np_mean_nodes_120_400_iterations_12_sentinels,syn,1000,degree,,,,False,False,,ExpectedImprovement,10,30,,50,50,50,3,3,60,30,,0.5
np,120,12,750,120,mean,21.68,2965.9,3802.02,415.21,100,20220927_np_mean_nodes_120_750_iterations,syn,1000,degree,,,,False,False,,ExpectedImprovement,10,30,,50,50,50,3,3,60,30,,0.5
np,120,12,1000,120,mean,21.88,2962.4,3807.3,764.75,100,20220927_np_mean_nodes_120_1000_iterations_12_sentinels,syn,1000,degree,,,,False,False,,ExpectedImprovement,10,30,,50,50,50,3,3,60,30,,0.5
np,120,120,15,120,mean,21.7,2964.95,3798.35,0.16,100,20230120_np_mean_nodes_120_epoch_60_iterations_15,syn,1000,degree,,,,False,False,,ExpectedImprovement,10,60,10,50,50,50,3,3,60,30,0,0.5
np,120,120,30,120,95perc,26.63,9239.28,12745.5,0.59,100,20230120_np_95perc_nodes_120,syn,1000,degree,,,,False,False,,ExpectedImprovement,10,30,10,50,50,50,3,3,60,30,0,0.5
np,120,120,30,120,mean,11.89,2612.75,2970.57,0.59,100,20230206_np_mean_nodes_120_waxman,waxman,1000,degree,,,,False,False,,ExpectedImprovement,10,30,10,50,50,50,3,3,60,30,0,0.5
np,120,120,30,120,mean,14.11,2995.31,3495.28,0.59,100,20230206_np_mean_nodes_120_ba,ba,1000,degree,,,,False,False,,ExpectedImprovement,10,30,10,50,50,50,3,3,60,30,0,0.5
np,120,120,30,120,mean,22,2945.5,3803.31,0.64,100,20230120_np_mean_nodes_120_h_100,syn,1000,degree,,,,False,False,,ExpectedImprovement,10,30,10,50,50,100,3,3,60,30,0,0.5
np,120,120,30,120,mean,22.14,2948.02,3807.49,0.58,100,20230120_np_mean_nodes_120_z_25,syn,1000,degree,,,,False,False,,ExpectedImprovement,10,30,10,50,25,50,3,3,60,30,0,0.5
np,120,120,30,120,mean,22.15,2941.91,3794.15,0.62,100,20230120_np_mean_nodes_120_epoch_60,syn,1000,degree,,,,False,False,,ExpectedImprovement,10,60,10,50,50,50,3,3,60,30,0,0.5
np,120,120,30,120,mean,22.36,2932.49,3809.13,0.59,100,20230120_np_mean_nodes_120_z_100,syn,1000,degree,,,,False,False,,ExpectedImprovement,10,30,10,50,100,50,3,3,60,30,0,0.5
np,120,120,30,120,mean,22.53,2930.33,3803.45,0.64,100,20230120_np_mean_nodes_120_rzh_100,syn,1000,degree,,,,False,False,,ExpectedImprovement,10,30,10,100,100,100,3,3,60,30,0,0.5
np,120,120,30,120,mean,22.82,2922.02,3802.56,0.58,100,20230120_np_mean_nodes_120_rzh_25,syn,1000,degree,,,,False,False,,ExpectedImprovement,10,30,10,25,25,25,3,3,60,30,0,0.5
np,120,120,30,120,mean,22.82,2915.26,3807.08,0.59,100,20230120_np_mean_nodes_120_r_25,syn,1000,degree,,,,False,False,,ExpectedImprovement,10,30,10,25,50,50,3,3,60,30,0,0.5
np,120,120,30,120,mean,22.87,2913.69,3809.56,0.57,100,20230120_np_mean_nodes_120_epoch_15,syn,1000,degree,,,,False,False,,ExpectedImprovement,10,15,10,50,50,50,3,3,60,30,0,0.5
np,120,120,30,120,mean,22.93,2917.32,3803.36,0.6,100,20230120_np_mean_nodes_120,syn,1000,degree,,,,False,False,,ExpectedImprovement,10,30,10,50,50,50,3,3,60,30,0,0.5
np,120,120,30,120,mean,22.95,2913.83,3810.29,0.6,100,20230120_np_mean_nodes_120_r_100,syn,1000,degree,,,,False,False,,ExpectedImprovement,10,30,10,100,50,50,3,3,60,30,0,0.5
np,120,120,30,120,mean,22.97,2915.9,3806.86,0.56,100,20230120_np_mean_nodes_120_epoch_1,syn,1000,degree,,,,False,False,,ExpectedImprovement,10,1,10,50,50,50,3,3,60,30,0,0.5
np,120,120,30,120,mean,23.28,2900.34,3803.58,0.57,100,20230120_np_mean_nodes_120_h_25,syn,1000,degree,,,,False,False,,ExpectedImprovement,10,30,10,50,50,25,3,3,60,30,0,0.5
np,120,120,30,120,mean,99.21,2964.71,3802.35,0.59,100,20220921_np_mean_nodes_120_120_sentinels,syn,1000,degree,,,,False,False,True,ExpectedImprovement,10,30,,50,50,50,3,3,60,30,,0.5
np,120,120,30,120,rms,24.24,4351.43,5778.6,0.58,100,20230120_np_rms_nodes_120,syn,1000,degree,,,,False,False,,ExpectedImprovement,10,30,10,50,50,50,3,3,60,30,0,0.5
np,120,120,30,480,mean,9.57,2149.34,2383.34,0.59,100,20230206_np_mean_nodes_120_4N_budget,syn,1000,degree,,,,False,False,,ExpectedImprovement,10,30,10,50,50,50,3,3,60,30,0,0.5
np,120,120,30,480,mean,11.33,2106.13,2385,0.64,100,20230308_np_mean_nodes_120_4N_budget_100_iterations,syn,1000,degree,,,,False,False,,ExpectedImprovement,10,100,10,50,50,50,3,3,60,30,0,0.5
np,120,120,30,1440,mean,1.49,1288.77,1305.98,0.61,100,20230206_np_mean_nodes_120_12N_budget,syn,1000,degree,,,,False,False,,ExpectedImprovement,10,30,10,50,50,50,3,3,60,30,0,0.5
np,120,120,30,1440,mean,5.55,1235.23,1308.01,0.63,100,20230308_np_mean_nodes_120_12N_budget_100_iterations,syn,1000,degree,,,,False,False,,ExpectedImprovement,10,100,10,50,50,50,3,3,60,30,0,0.5
np,120,120,60,120,mean,24.45,2855.25,3802.62,2.31,100,20230120_np_mean_nodes_120_epoch_15_iterations_60,syn,1000,degree,,,,False,False,,ExpectedImprovement,10,15,10,50,50,50,3,3,60,30,0,0.5
np,120,120,2000,120,mean,22.03,2942.17,3795.7,5290.99,100,20221015_np_mean_nodes_120_2000_iterations_long,syn,1000,degree,,,,False,False,,ExpectedImprovement,10,30,10,50,50,50,3,3,60,30,,0.5
np,1040,40,30,1040,mean,29.83,3459.36,4948.14,0.59,100,20230307_np_mean_nodes_1040_40_sentinels,syn,1000,degree,,,,False,False,,ExpectedImprovement,10,30,10,50,50,50,3,3,60,30,0,0.5
np,1040,40,400,1040,mean,35.02,3277.41,5042.07,119.45,10,20230305_np_mean_nodes_1040_400_iterations_40_sentinels,syn,1000,degree,,,,False,False,,ExpectedImprovement,10,30,10,50,50,50,3,3,60,30,0,0.5
np,1040,40,750,1040,mean,36.35,3241.43,5099.74,487.08,10,20230305_np_mean_nodes_1040_750_iterations_40_sentinels,syn,1000,degree,,,,False,False,,ExpectedImprovement,10,30,10,50,50,50,3,3,60,30,0,0.5
np,1040,40,1000,1040,mean,37.14,3217.35,5121.71,943.5,10,20230305_np_mean_nodes_1040_1000_iterations_40_sentinels,syn,1000,degree,,,,False,False,,ExpectedImprovement,10,30,10,50,50,50,3,3,60,30,0,0.5
np,1040,63,30,1040,mean,99.27,3604.45,4935.74,0.58,100,20220921_np_mean_nodes_1040_sent_6p,syn,1000,degree,,,,False,False,True,ExpectedImprovement,10,30,,50,50,50,3,3,60,30,,0.5
np,1040,63,400,1040,mean,25.81,3642.33,4924.3,111.99,100,20220927_np_mean_nodes_1040_400_iterations,syn,1000,degree,,,,False,False,,ExpectedImprovement,10,30,,50,50,50,3,3,60,30,,0.5
np,1040,63,750,1040,mean,26.3,3633.39,4943.64,423.83,100,20220927_np_mean_nodes_1040_750_iterations,syn,1000,degree,,,,False,False,,ExpectedImprovement,10,30,,50,50,50,3,3,60,30,,0.5
np,1040,63,1000,1040,mean,25.92,3639.01,4925.32,775.62,50,20221024_np_mean_nodes_1040_sent_63_1000_iterations,syn,1000,degree,,,,False,False,,ExpectedImprovement,10,30,10,50,50,50,3,3,60,30,50,0.5
np,1040,1040,15,1040,mean,28.99,3493.05,4929.84,0.29,100,20230120_np_mean_nodes_1040_epoch_60_iterations_15,syn,1000,degree,,,,False,False,,ExpectedImprovement,10,60,10,50,50,50,3,3,60,30,0,0.5
np,1040,1040,30,1040,95perc,34.88,12131.52,18693.07,0.98,100,20230120_np_95perc_nodes_1040,syn,1000,degree,,,,False,False,,ExpectedImprovement,10,30,10,50,50,50,3,3,60,30,0,0.5
np,1040,1040,30,1040,mean,7.48,3531.57,3820.7,1.13,100,20230206_np_mean_nodes_1040_waxman,waxman,1000,degree,,,,False,False,,ExpectedImprovement,10,30,10,50,50,50,3,3,60,30,0,0.5
np,1040,1040,30,1040,mean,28.74,3502.6,4932.28,1.42,100,20230120_np_mean_nodes_1040_rzh_100,syn,1000,degree,,,,False,False,,ExpectedImprovement,10,30,10,100,100,100,3,3,60,30,0,0.5
np,1040,1040,30,1040,mean,28.94,3501.34,4946.67,1.39,100,20230120_np_mean_nodes_1040_h_100,syn,1000,degree,,,,False,False,,ExpectedImprovement,10,30,10,50,50,100,3,3,60,30,0,0.5
np,1040,1040,30,1040,mean,29.19,3476.48,4924.11,1.16,100,20230120_np_mean_nodes_1040,syn,1000,degree,,,,False,False,,ExpectedImprovement,10,30,10,50,50,50,3,3,60,30,0,0.5
np,1040,1040,30,1040,mean,29.25,3471.39,4922.85,0.99,100,20230120_np_mean_nodes_1040_rzh_25,syn,1000,degree,,,,False,False,,ExpectedImprovement,10,30,10,25,25,25,3,3,60,30,0,0.5
np,1040,1040,30,1040,mean,29.3,3478.15,4932.08,1.08,100,20230120_np_mean_nodes_1040_epoch_60,syn,1000,degree,,,,False,False,,ExpectedImprovement,10,60,10,50,50,50,3,3,60,30,0,0.5
np,1040,1040,30,1040,mean,29.31,3481.91,4939.89,1.13,100,20230120_np_mean_nodes_1040_z_25,syn,1000,degree,,,,False,False,,ExpectedImprovement,10,30,10,50,25,50,3,3,60,30,0,0.5
np,1040,1040,30,1040,mean,29.6,3459,4929.76,1.15,100,20230120_np_mean_nodes_1040_z_100,syn,1000,degree,,,,False,False,,ExpectedImprovement,10,30,10,50,100,50,3,3,60,30,0,0.5
np,1040,1040,30,1040,mean,29.63,3462.29,4938.61,1.11,100,20230120_np_mean_nodes_1040_r_25,syn,1000,degree,,,,False,False,,ExpectedImprovement,10,30,10,25,50,50,3,3,60,30,0,0.5
np,1040,1040,30,1040,mean,29.79,3449.62,4924.74,1.16,100,20230120_np_mean_nodes_1040_r_100,syn,1000,degree,,,,False,False,,ExpectedImprovement,10,30,10,100,50,50,3,3,60,30,0,0.5
np,1040,1040,30,1040,mean,29.86,3451.3,4933.03,0.98,100,20230120_np_mean_nodes_1040_h_25,syn,1000,degree,,,,False,False,,ExpectedImprovement,10,30,10,50,50,25,3,3,60,30,0,0.5
np,1040,1040,30,1040,mean,29.9,3443.46,4928.51,1.16,100,20230120_np_mean_nodes_1040_epoch_15,syn,1000,degree,,,,False,False,,ExpectedImprovement,10,15,10,50,50,50,3,3,60,30,0,0.5
np,1040,1040,30,1040,mean,30.83,3403.56,4936.9,0.94,100,20230120_np_mean_nodes_1040_epoch_1,syn,1000,degree,,,,False,False,,ExpectedImprovement,10,1,10,50,50,50,3,3,60,30,0,0.5
np,1040,1040,30,1040,mean,34.01,3053.08,4638.09,1.14,100,20230206_np_mean_nodes_1040_ba,ba,1000,degree,,,,False,False,,ExpectedImprovement,10,30,10,50,50,50,3,3,60,30,0,0.5
np,1040,1040,30,1040,rms,34.57,5628.78,8659.66,1.09,100,20230120_np_rms_nodes_1040,syn,1000,degree,,,,False,False,,ExpectedImprovement,10,30,10,50,50,50,3,3,60,30,0,0.5
np,1040,1040,30,4160,mean,12.18,2468.04,2815.94,0.94,100,20230308_np_mean_nodes_1040_4N_budget_100_iterations,syn,1000,degree,,,,False,False,,ExpectedImprovement,10,100,10,50,50,50,3,3,60,30,0,0.5
np,1040,1040,30,4160,mean,12.65,2463.47,2823.46,0.97,100,20230206_np_mean_nodes_1040_4N_budget,syn,1000,degree,,,,False,False,,ExpectedImprovement,10,30,10,50,50,50,3,3,60,30,0,0.5
np,1040,1040,30,12480,mean,-0.53,1475.83,1468.94,0.9,100,20230206_np_mean_nodes_1040_12N_budget,syn,1000,degree,,,,False,False,,ExpectedImprovement,10,30,10,50,50,50,3,3,60,30,0,0.5
np,1040,1040,30,12480,mean,0.25,1465.53,1468.79,0.91,100,20230308_np_mean_nodes_1040_12N_budget_100_iterations,syn,1000,degree,,,,False,False,,ExpectedImprovement,10,100,10,50,50,50,3,3,60,30,0,0.5
np,1040,1040,50,1040,mean,29.53,3463.72,4931.56,3.02,100,20230309_np_mean_nodes_1040_50_iterations,syn,1000,degree,,,,False,False,,ExpectedImprovement,10,30,10,50,50,50,3,3,60,30,0,0.5
np,1040,1040,50,4160,mean,12.99,2459.36,2829.5,2.6,100,20230308_np_mean_nodes_1040_4N_budget_50_iterations,syn,1000,degree,,,,False,False,,ExpectedImprovement,10,30,10,50,50,50,3,3,60,30,0,0.5
np,1040,1040,50,12480,mean,0.81,1457.9,1470.61,2.48,100,20230308_np_mean_nodes_1040_12N_budget_50_iterations,syn,1000,degree,,,,False,False,,ExpectedImprovement,10,30,10,50,50,50,3,3,60,30,0,0.5
np,1040,1040,60,1040,mean,30.08,3438.34,4935.58,4.51,100,20230120_np_mean_nodes_1040_epoch_15_iterations_60,syn,1000,degree,,,,False,False,,ExpectedImprovement,10,15,10,50,50,50,3,3,60,30,0,0.5
np,57590,1329,30,57590,95perc,41.19,12876.18,21889.04,1.32,10,20230301_np_95perc_nodes_57590_sentinels_1329,syn,1000,degree,,,,False,False,,ExpectedImprovement,10,30,10,50,50,50,3,3,60,30,0,0.5
np,57590,1329,30,57590,mean,36.58,3564.13,5619.95,1.3,10,20230301_np_mean_nodes_57590_sentinels_1329,syn,1000,degree,,,,False,False,,ExpectedImprovement,10,30,10,50,50,50,3,3,60,30,0,0.5
np,57590,1329,30,57590,rms,44.63,5891.12,10644.76,1.31,10,20230301_np_rms_nodes_57590_sentinels_1329,syn,1000,degree,,,,False,False,,ExpectedImprovement,10,30,10,50,50,50,3,3,60,30,0,0.5
np,57590,1329,30,230360,mean,8.12,2775.65,3021.47,1.3,10,20230301_np_mean_nodes_57590_4N_budget,syn,1000,degree,,,,False,False,,ExpectedImprovement,10,30,10,50,50,50,3,3,60,30,0,0.5
np,57590,1329,30,691080,mean,-69.27,2564.92,1515.61,1.27,10,20230301_np_mean_nodes_57590_12N_budget,syn,1000,degree,,,,False,False,,ExpectedImprovement,10,30,10,50,50,50,3,3,60,30,0,0.5
np,57590,1329,50,57590,mean,37.51,3516.99,5631.75,3.51,10,20230308_np_mean_nodes_57590_sentinels_1329_50_iterations,syn,1000,degree,,,,False,False,,ExpectedImprovement,10,30,10,50,50,50,3,3,60,30,0,0.5
np,57590,1329,50,230360,mean,5.46,2898.67,3067.04,3.49,10,20230308_np_mean_nodes_57590_4N_budget_50_iterations,syn,1000,degree,,,,False,False,,ExpectedImprovement,10,30,10,50,50,50,3,3,60,30,0,0.5
np,57590,1329,50,691080,mean,-64.82,2513.89,1525.39,3.53,10,20230308_np_mean_nodes_57590_12N_budget_50_iterations,syn,1000,degree,,,,False,False,,ExpectedImprovement,10,30,10,50,50,50,3,3,60,30,0,0.5
np,57590,1329,400,57590,mean,36.27,3569.09,5603.15,248.53,5,20230301_np_mean_nodes_57590_sentinels_1329_400_iterations,syn,1000,degree,,,,False,False,,ExpectedImprovement,10,30,10,50,50,50,3,3,60,30,5,0.5
np,57590,3455,30,57590,mean,31.7,3804.7,5568.96,2.04,10,20230120_np_rms_nodes_57590_sentinels_3455,syn,1000,degree,,,,False,False,,ExpectedImprovement,10,30,10,50,50,50,3,3,60,30,0,0.5
